user_id,cash_inflow,avg_bank_balance,location_type,income_type,age,age_to_employment_ratio,housing_type,rent_amount,num_occupants,bill_payment_consistency,bnpl_used,education_level,grade_or_cgpa,loan_approved
U0001,33654,14088,Urban,Gig,35,0.29,Owned,0,5,Always,True,Graduate,8.1,1
U0002,11265,1829,Urban,Informal,31,0.32,Rented,14636,4,Always,True,12th,56.4,0
U0003,18322,1983,Semi-Urban,Gig,22,0.14,Rented,9949,2,Usually,False,12th,58.2,0
U0004,16420,5697,Rural,Gig,42,0.26,Owned,0,2,Sometimes,False,Diploma,63.1,0
U0005,45658,11868,Rural,Salaried,48,0.58,Owned,0,5,Always,True,Diploma,60.5,1
U0006,39118,13587,Urban,Salaried,23,0.04,Owned,0,4,Always,True,Postgraduate,8.38,1
U0007,34502,3633,Semi-Urban,Salaried,45,0.31,Rented,11433,2,Usually,False,Graduate,7.07,1
U0008,12612,2426,Urban,Gig,48,0.29,Owned,0,5,Always,True,Postgraduate,6.43,1
U0009,22159,2520,Urban,Informal,34,0.47,Rented,13147,2,Sometimes,True,Diploma,79.8,0
U0010,39457,10655,Urban,Salaried,24,0.08,PG/Hostel,3500,1,Usually,True,Graduate,9.39,1
U0011,26873,7521,Urban,Salaried,30,0.13,Owned,0,3,Sometimes,True,Graduate,8.55,1
U0012,16534,2238,Semi-Urban,Informal,43,0.63,Owned,0,2,Always,False,Diploma,93.3,0
U0013,44276,11311,Rural,Salaried,38,0.39,Rented,12268,2,Usually,True,Graduate,9.38,1
U0014,59099,18739,Rural,Salaried,49,0.31,Rented,3064,1,Always,True,Graduate,9.45,1
U0015,31847,8215,Semi-Urban,Gig,28,0.25,Rented,8258,3,Usually,False,12th,81.8,1
U0016,18986,7899,Semi-Urban,Informal,25,0.36,Owned,0,4,Always,True,12th,79.3,1
U0017,72251,32169,Semi-Urban,Salaried,28,0.14,Rented,6104,5,Always,False,Graduate,8.55,1
U0018,15965,7262,Rural,Informal,21,0.1,Owned,0,2,Usually,False,Graduate,9.4,1
U0019,47266,19110,Urban,Salaried,46,0.5,Owned,0,4,Always,False,Postgraduate,6.9,1
U0020,33322,10299,Semi-Urban,Gig,35,0.26,Owned,0,5,Usually,True,12th,54.9,1
U0021,25934,11885,Semi-Urban,Gig,52,0.06,Rented,4757,5,Usually,True,Graduate,6.87,1
U0022,76044,24025,Urban,Salaried,49,0.08,Owned,0,2,Rarely,False,12th,53.5,0
U0023,29914,11304,Semi-Urban,Salaried,48,0.04,Owned,0,3,Usually,True,Postgraduate,8.83,1
U0024,26312,3741,Urban,Gig,48,0.56,Rented,6627,4,Sometimes,True,12th,90.2,0
U0025,23047,9748,Urban,Informal,48,0.5,Owned,0,4,Usually,True,Graduate,9.17,1
U0026,50080,9573,Semi-Urban,Salaried,33,0.27,Owned,0,4,Sometimes,False,12th,50.3,0
U0027,41959,13159,Urban,Salaried,53,0.45,Rented,4998,3,Always,True,10th,64.5,1
U0028,27879,10627,Urban,Gig,32,0.41,Owned,0,4,Always,False,10th,72.4,1
U0029,43664,6952,Semi-Urban,Salaried,37,0.46,Owned,0,3,Always,False,12th,72.6,1
U0030,66645,7545,Urban,Salaried,52,0.02,Owned,0,2,Usually,False,Diploma,60.8,1
U0031,74401,23240,Semi-Urban,Salaried,46,0.13,Rented,8535,4,Rarely,True,10th,53.6,1
U0032,21447,4183,Rural,Gig,44,0.09,Owned,0,5,Always,False,12th,94.3,0
U0033,43509,13675,Urban,Salaried,36,0.03,Rented,14464,4,Always,True,10th,72.9,1
U0034,23895,2779,Rural,Informal,40,0.07,PG/Hostel,3369,1,Sometimes,True,12th,73.0,0
U0035,61106,14632,Urban,Salaried,27,0.15,Rented,11680,1,Always,False,10th,67.9,1
U0036,43078,20448,Rural,Salaried,21,0.05,Rented,4802,4,Always,False,12th,83.1,1
U0037,67025,31493,Rural,Salaried,50,0.2,Rented,3262,4,Usually,False,10th,57.9,1
U0038,35199,11336,Semi-Urban,Gig,22,0.0,Rented,8423,4,Always,True,Postgraduate,7.95,1
U0039,49855,17610,Urban,Salaried,29,0.31,Rented,6170,3,Always,True,Graduate,8.54,1
U0040,21154,9361,Urban,Salaried,53,0.45,Rented,4648,4,Usually,False,Postgraduate,9.14,1
U0041,77597,8045,Semi-Urban,Salaried,45,0.07,Owned,0,2,Always,False,Graduate,6.02,1
U0042,19207,4266,Rural,Informal,22,0.23,Owned,0,4,Usually,True,10th,79.3,0
U0043,66760,11373,Urban,Salaried,24,0.04,PG/Hostel,6493,1,Sometimes,True,Diploma,64.6,1
U0044,23987,5914,Rural,Salaried,28,0.25,Rented,4218,1,Usually,True,Graduate,7.08,1
U0045,37311,5129,Rural,Gig,42,0.52,Owned,0,3,Sometimes,False,12th,61.0,0
U0046,34373,16896,Semi-Urban,Salaried,28,0.11,Owned,0,4,Usually,False,12th,85.8,1
U0047,31277,11198,Urban,Gig,53,0.08,Rented,14259,5,Sometimes,True,10th,72.5,1
U0048,76835,8430,Urban,Salaried,37,0.32,Owned,0,5,Usually,False,12th,71.1,1
U0049,37453,17451,Semi-Urban,Salaried,44,0.39,Rented,3301,5,Always,True,Graduate,8.0,1
U0050,5699,2514,Semi-Urban,Informal,41,0.54,Owned,0,2,Always,False,Diploma,64.3,0
U0051,6816,1757,Rural,Informal,23,0.3,Owned,0,3,Always,True,Graduate,6.34,1
U0052,27455,10115,Semi-Urban,Salaried,43,0.05,Rented,10806,3,Rarely,True,Postgraduate,7.03,1
U0053,65017,25766,Urban,Salaried,53,0.17,Rented,10343,5,Always,False,10th,63.3,1
U0054,26921,11415,Urban,Gig,45,0.51,PG/Hostel,2524,1,Sometimes,True,12th,53.7,1
U0055,29334,8817,Urban,Gig,40,0.0,Rented,9655,4,Sometimes,True,12th,89.9,1
U0056,18403,6101,Urban,Informal,52,0.42,Rented,13174,3,Sometimes,True,10th,71.0,0
U0057,69726,34356,Urban,Salaried,42,0.52,Rented,12907,2,Rarely,False,Diploma,87.0,0
U0058,39749,12514,Semi-Urban,Gig,53,0.13,Rented,6124,4,Always,True,12th,59.7,1
U0059,21388,6050,Urban,Informal,26,0.12,PG/Hostel,6142,1,Always,True,Graduate,8.45,1
U0060,27079,10572,Semi-Urban,Salaried,33,0.06,Rented,3635,2,Rarely,True,Diploma,64.5,1
U0061,31136,8080,Urban,Gig,39,0.1,Rented,11308,1,Always,True,Diploma,81.0,1
U0062,70816,11990,Semi-Urban,Salaried,21,0.05,Owned,0,4,Always,True,Graduate,6.88,1
U0063,27805,3824,Urban,Salaried,45,0.18,Rented,10404,5,Always,False,Graduate,8.23,1
U0064,33500,13237,Semi-Urban,Salaried,25,0.2,Owned,0,4,Usually,True,Graduate,6.17,1
U0065,73401,17791,Semi-Urban,Salaried,42,0.33,Owned,0,5,Always,False,Graduate,6.16,1
U0066,23296,5231,Urban,Gig,25,0.12,Rented,14151,2,Usually,False,Graduate,8.67,1
U0067,9452,2451,Semi-Urban,Informal,30,0.17,Rented,5849,4,Always,False,10th,66.9,0
U0068,16922,5097,Urban,Informal,21,0.19,Owned,0,2,Sometimes,True,10th,57.3,0
U0069,71991,34379,Urban,Salaried,22,0.05,Rented,12087,3,Always,False,Postgraduate,8.8,1
U0070,36507,9319,Semi-Urban,Gig,53,0.6,Owned,0,2,Always,True,Graduate,7.91,1
U0071,74884,26237,Semi-Urban,Salaried,21,0.05,Rented,8536,2,Always,False,12th,59.3,1
U0072,15636,2905,Semi-Urban,Informal,22,0.18,Rented,13738,2,Usually,True,Graduate,8.39,1
U0073,21281,7930,Semi-Urban,Informal,54,0.11,PG/Hostel,5267,1,Usually,False,Graduate,8.43,1
U0074,15745,5535,Semi-Urban,Gig,49,0.47,Rented,10587,1,Usually,True,Graduate,8.81,1
U0075,47384,15124,Urban,Salaried,29,0.28,Owned,0,5,Usually,False,Graduate,8.02,1
U0076,37506,9940,Urban,Salaried,38,0.45,Owned,0,4,Always,False,Postgraduate,8.03,1
U0077,43190,20398,Urban,Salaried,32,0.03,Owned,0,4,Always,True,10th,83.8,1
U0078,67320,13147,Semi-Urban,Salaried,50,0.34,Rented,11787,1,Always,False,Diploma,64.4,1
U0079,10698,1497,Rural,Gig,32,0.38,Owned,0,2,Sometimes,False,Graduate,8.97,0
U0080,9360,2131,Urban,Informal,34,0.53,Owned,0,3,Sometimes,False,Graduate,8.21,0
U0081,31364,4286,Semi-Urban,Gig,32,0.25,Rented,14130,5,Always,False,Diploma,83.9,0
U0082,21167,8802,Urban,Salaried,34,0.29,Rented,12348,3,Always,True,Graduate,9.11,1
U0083,9330,3567,Rural,Informal,32,0.25,Rented,10241,2,Sometimes,True,10th,77.8,0
U0084,31516,13721,Rural,Salaried,33,0.24,Owned,0,3,Always,False,12th,67.8,1
U0085,43322,16570,Semi-Urban,Salaried,25,0.2,Owned,0,2,Usually,False,12th,60.5,1
U0086,48295,12059,Urban,Salaried,21,0.05,Rented,4365,4,Rarely,False,12th,60.7,0
U0087,60262,29793,Rural,Salaried,24,0.17,Owned,0,3,Always,True,12th,81.9,1
U0088,54578,22423,Urban,Salaried,47,0.21,Owned,0,3,Usually,True,Graduate,7.16,1
U0089,35485,10540,Urban,Salaried,33,0.06,Rented,12435,2,Rarely,True,Graduate,8.59,1
U0090,77799,11437,Urban,Salaried,21,0.05,Rented,9530,5,Sometimes,False,Diploma,60.7,0
U0091,10504,2625,Urban,Gig,45,0.51,Rented,3928,5,Usually,True,Graduate,9.37,1
U0092,56395,27698,Semi-Urban,Salaried,41,0.39,Rented,14125,5,Usually,True,Diploma,94.7,1
U0093,41732,8396,Urban,Salaried,39,0.46,Rented,9190,1,Always,False,Graduate,6.76,1
U0094,72638,36197,Rural,Salaried,23,0.13,Rented,11120,3,Sometimes,True,Diploma,62.6,1
U0095,20975,2582,Rural,Gig,32,0.22,Owned,0,5,Sometimes,False,Graduate,7.17,0
U0096,14337,2512,Semi-Urban,Informal,46,0.15,Owned,0,3,Always,True,12th,60.3,0
U0097,53307,6988,Semi-Urban,Salaried,47,0.47,Rented,10102,1,Usually,False,10th,62.6,1
U0098,7779,1621,Urban,Informal,33,0.39,Owned,0,4,Usually,False,12th,87.0,0
U0099,15713,4189,Rural,Gig,25,0.24,Rented,13136,2,Usually,True,10th,53.7,0
U0100,35373,15791,Urban,Gig,25,0.24,Rented,4015,1,Usually,False,Diploma,85.0,1
U0101,54961,27200,Urban,Salaried,31,0.16,Rented,10449,1,Always,False,Graduate,9.39,1
U0102,16938,5549,Urban,Gig,53,0.62,Rented,13344,3,Always,False,12th,56.0,0
U0103,20404,2500,Urban,Salaried,26,0.15,Owned,0,2,Always,True,12th,74.0,0
U0104,19860,9903,Urban,Gig,43,0.09,Rented,6636,5,Usually,False,Postgraduate,8.65,1
U0105,18456,3625,Urban,Informal,29,0.45,Owned,0,2,Always,True,12th,92.9,0
U0106,22100,4041,Semi-Urban,Informal,21,0.0,Rented,13015,2,Always,False,12th,66.1,0
U0107,27239,2965,Urban,Salaried,54,0.06,Rented,7363,1,Always,True,12th,74.8,1
U0108,13580,1838,Urban,Informal,37,0.41,Owned,0,4,Always,True,12th,51.3,0
U0109,16470,6816,Rural,Informal,34,0.03,Owned,0,4,Always,False,Graduate,6.75,1
U0110,25781,8943,Urban,Gig,54,0.61,Rented,11017,3,Always,False,12th,54.1,1
U0111,20209,4836,Urban,Gig,53,0.43,Rented,12550,4,Always,True,Postgraduate,7.04,1
U0112,72329,32182,Urban,Salaried,25,0.2,Rented,10043,2,Always,True,Graduate,9.24,1
U0113,41833,17049,Urban,Salaried,40,0.12,Rented,13785,5,Always,True,12th,65.6,1
U0114,16269,5748,Semi-Urban,Gig,31,0.06,Rented,9254,1,Usually,False,Graduate,7.61,1
U0115,25183,4048,Semi-Urban,Gig,36,0.19,PG/Hostel,2899,1,Always,True,Graduate,6.64,1
U0116,14911,3946,Rural,Informal,52,0.04,Owned,0,4,Always,False,Graduate,8.34,0
U0117,15161,5166,Rural,Informal,39,0.51,Rented,8124,2,Always,False,Graduate,6.98,1
U0118,8900,1003,Semi-Urban,Informal,26,0.0,Rented,9376,4,Always,True,Postgraduate,6.72,1
U0119,28977,4389,Semi-Urban,Gig,46,0.26,Owned,0,4,Always,True,Postgraduate,6.14,1
U0120,20488,5991,Urban,Gig,42,0.33,Owned,0,5,Usually,False,Graduate,9.06,1
U0121,39262,9851,Urban,Salaried,37,0.11,PG/Hostel,7376,1,Always,False,Postgraduate,6.3,1
U0122,34178,5940,Urban,Salaried,35,0.43,Owned,0,4,Always,True,Diploma,91.6,1
U0123,18717,6500,Urban,Gig,43,0.3,PG/Hostel,5287,1,Sometimes,True,Graduate,8.52,1
U0124,59577,6831,Urban,Salaried,27,0.11,PG/Hostel,3646,1,Always,True,Graduate,8.96,1
U0125,32890,10289,Urban,Gig,38,0.13,Owned,0,4,Always,False,Graduate,7.39,1
U0126,23503,4881,Urban,Gig,48,0.19,Rented,4062,1,Sometimes,False,Postgraduate,8.94,0
U0127,26229,6058,Urban,Salaried,45,0.38,Rented,6596,4,Usually,True,Diploma,71.3,1
U0128,27561,11456,Urban,Salaried,38,0.39,Owned,0,5,Sometimes,True,Graduate,7.88,1
U0129,34369,11104,Rural,Salaried,39,0.26,Rented,5472,5,Usually,False,Diploma,66.3,1
U0130,74553,25573,Urban,Salaried,26,0.19,Rented,14640,1,Always,True,Postgraduate,6.03,1
U0131,36900,5946,Rural,Gig,24,0.21,Rented,9986,1,Always,False,Diploma,53.6,1
U0132,34818,3735,Urban,Gig,44,0.11,Owned,0,3,Usually,False,Postgraduate,8.02,1
U0133,48746,21750,Urban,Salaried,26,0.23,Owned,0,2,Usually,False,Graduate,7.72,1
U0134,67077,24647,Urban,Salaried,22,0.05,Rented,13954,2,Usually,True,Postgraduate,6.98,1
U0135,52043,9473,Urban,Salaried,46,0.48,Rented,13002,4,Sometimes,False,Diploma,72.8,0
U0136,14208,4431,Rural,Gig,21,0.05,PG/Hostel,6749,1,Always,True,12th,63.0,0
U0137,6828,2065,Urban,Informal,33,0.3,Owned,0,4,Sometimes,True,Graduate,6.18,0
U0138,65745,18520,Semi-Urban,Salaried,25,0.08,Rented,5219,2,Usually,True,10th,64.5,1
U0139,38289,5174,Urban,Gig,29,0.0,Rented,5824,3,Always,True,Postgraduate,7.66,1
U0140,8490,2033,Rural,Informal,25,0.04,Owned,0,3,Always,False,Postgraduate,9.27,0
U0141,56298,26760,Urban,Salaried,32,0.09,Rented,12762,1,Sometimes,True,Graduate,8.59,1
U0142,63925,7622,Urban,Salaried,49,0.16,Rented,12064,5,Sometimes,False,12th,59.1,0
U0143,43325,18632,Urban,Salaried,25,0.12,Owned,0,4,Always,False,Diploma,78.5,1
U0144,79965,19474,Semi-Urban,Salaried,45,0.4,Rented,13535,3,Usually,True,12th,78.1,1
U0145,15984,6378,Urban,Gig,35,0.0,Rented,5712,1,Always,True,12th,90.5,1
U0146,22790,7127,Urban,Gig,26,0.19,Rented,13818,3,Sometimes,False,Postgraduate,7.17,0
U0147,31951,5325,Urban,Gig,49,0.0,Rented,13227,3,Always,False,Graduate,8.76,1
U0148,30789,12345,Urban,Salaried,47,0.49,Rented,5336,4,Always,False,Postgraduate,7.99,1
U0149,52265,15553,Urban,Salaried,30,0.03,Owned,0,3,Always,False,10th,87.0,1
U0150,11371,3215,Urban,Informal,35,0.2,Owned,0,2,Sometimes,True,Postgraduate,7.7,0
U0151,28755,11182,Rural,Gig,22,0.09,PG/Hostel,2094,1,Usually,True,Graduate,8.09,1
U0152,30147,9559,Semi-Urban,Salaried,47,0.11,Rented,8779,3,Usually,True,Graduate,9.36,1
U0153,16111,5370,Semi-Urban,Informal,28,0.21,Owned,0,4,Always,False,Graduate,7.01,1
U0154,44938,7250,Urban,Salaried,33,0.24,Rented,14197,2,Always,True,Graduate,8.14,1
U0155,5827,1964,Urban,Informal,24,0.17,Rented,14127,5,Always,True,12th,81.8,0
U0156,24561,10033,Urban,Informal,51,0.16,Rented,8109,3,Usually,False,Graduate,8.58,1
U0157,64327,28057,Urban,Salaried,31,0.23,Rented,4792,5,Always,False,Postgraduate,9.45,1
U0158,6645,1159,Urban,Informal,43,0.56,Rented,6072,3,Always,True,Graduate,8.07,1
U0159,12708,3198,Semi-Urban,Gig,29,0.31,Rented,6507,1,Sometimes,False,12th,50.2,0
U0160,33224,4840,Urban,Salaried,45,0.24,Rented,10973,2,Usually,True,Graduate,7.63,1
U0161,18666,7373,Urban,Gig,37,0.27,Rented,12146,4,Usually,True,12th,91.1,1
U0162,22589,3852,Urban,Informal,27,0.11,Rented,6572,1,Always,True,Diploma,66.3,0
U0163,48734,10284,Rural,Salaried,46,0.39,Rented,8588,1,Usually,True,Postgraduate,6.62,1
U0164,23395,6634,Rural,Gig,40,0.53,Rented,11533,4,Sometimes,False,10th,74.1,0
U0165,75856,16676,Urban,Salaried,52,0.25,PG/Hostel,2989,1,Sometimes,True,Postgraduate,8.62,1
U0166,44442,18661,Rural,Salaried,52,0.58,Rented,13524,1,Always,False,12th,51.6,1
U0167,44861,19497,Rural,Salaried,39,0.46,Rented,3768,3,Usually,True,10th,70.4,1
U0168,48865,15332,Rural,Salaried,50,0.12,Rented,12138,4,Always,True,Graduate,6.64,1
U0169,17342,8297,Urban,Informal,52,0.17,Rented,4481,3,Usually,True,12th,79.0,1
U0170,24835,10438,Rural,Informal,48,0.65,Rented,6462,5,Usually,True,Graduate,7.43,1
U0171,65368,12340,Urban,Salaried,44,0.52,Rented,13682,5,Always,False,10th,76.8,1
U0172,51480,21619,Urban,Salaried,23,0.13,Rented,10776,4,Always,True,Graduate,6.83,1
U0173,17970,3544,Semi-Urban,Gig,34,0.38,Owned,0,4,Usually,True,Graduate,9.37,1
U0174,13356,2089,Semi-Urban,Informal,34,0.44,Owned,0,3,Usually,True,10th,50.6,0
U0175,78118,30806,Urban,Salaried,41,0.46,Rented,6695,5,Always,False,10th,89.4,1
U0176,70460,18923,Semi-Urban,Salaried,22,0.05,Owned,0,4,Always,False,Diploma,78.1,1
U0177,29978,6108,Urban,Gig,22,0.09,Rented,7566,4,Always,True,Postgraduate,8.91,1
U0178,10804,2849,Semi-Urban,Gig,50,0.16,Rented,10083,3,Always,False,Postgraduate,9.32,0
U0179,63861,26304,Rural,Salaried,37,0.27,Owned,0,3,Usually,False,Diploma,71.9,1
U0180,34557,9967,Urban,Gig,52,0.31,Owned,0,3,Sometimes,True,10th,51.0,1
U0181,22573,8954,Urban,Salaried,22,0.05,Rented,4304,1,Always,True,Graduate,6.49,1
U0182,28925,14282,Semi-Urban,Gig,49,0.24,Owned,0,3,Always,False,Postgraduate,6.95,1
U0183,21458,9206,Urban,Informal,41,0.22,PG/Hostel,7475,1,Always,False,Graduate,7.74,1
U0184,46657,15008,Semi-Urban,Salaried,45,0.13,Owned,0,3,Usually,True,Graduate,8.52,1
U0185,68756,7178,Semi-Urban,Salaried,41,0.15,Owned,0,4,Always,True,Graduate,8.09,1
U0186,19060,6976,Rural,Informal,27,0.33,Rented,12900,1,Usually,True,Graduate,7.47,1
U0187,34027,13895,Semi-Urban,Gig,22,0.14,Owned,0,3,Always,False,Postgraduate,8.58,1
U0188,39250,5343,Urban,Salaried,46,0.46,Owned,0,4,Usually,True,12th,63.0,1
U0189,34063,15880,Urban,Gig,54,0.43,Rented,7853,5,Always,False,Graduate,7.69,1
U0190,79129,8899,Urban,Salaried,40,0.47,Owned,0,4,Sometimes,True,Postgraduate,8.95,1
U0191,32112,9586,Semi-Urban,Salaried,54,0.17,Owned,0,3,Always,False,Graduate,7.66,1
U0192,54888,7138,Urban,Salaried,37,0.03,Owned,0,2,Usually,True,Diploma,81.7,1
U0193,38023,10415,Semi-Urban,Salaried,23,0.09,Rented,4252,4,Usually,False,10th,81.3,1
U0194,39933,4077,Semi-Urban,Salaried,32,0.09,Owned,0,2,Always,True,Graduate,6.32,1
U0195,14090,6831,Urban,Gig,37,0.24,Owned,0,2,Always,False,12th,70.1,0
U0196,77134,10388,Semi-Urban,Salaried,36,0.22,Rented,3338,5,Sometimes,False,10th,84.2,0
U0197,7421,2633,Urban,Informal,28,0.29,Owned,0,3,Sometimes,False,Graduate,7.71,0
U0198,21918,8269,Semi-Urban,Gig,46,0.3,Rented,14551,2,Always,True,Postgraduate,8.06,1
U0199,61360,10568,Rural,Salaried,41,0.17,Rented,7430,5,Usually,False,10th,82.9,1
U0200,16122,7573,Urban,Informal,43,0.4,Rented,6294,4,Usually,False,Postgraduate,8.96,1
U0201,14497,4479,Urban,Gig,37,0.35,Rented,12374,3,Always,True,Graduate,7.96,1
U0202,77132,10087,Semi-Urban,Salaried,46,0.5,Owned,0,4,Rarely,True,12th,52.9,1
U0203,76846,32397,Urban,Salaried,24,0.04,Rented,3920,5,Usually,True,12th,78.2,1
U0204,38687,10473,Urban,Gig,22,0.09,Rented,6241,2,Usually,False,Graduate,6.07,1
U0205,14996,4672,Semi-Urban,Informal,52,0.6,PG/Hostel,5810,1,Always,False,12th,53.2,0
U0206,61773,14843,Urban,Salaried,49,0.43,Owned,0,5,Always,True,Diploma,78.2,1
U0207,39895,8325,Urban,Salaried,30,0.3,Owned,0,4,Always,False,10th,69.0,1
U0208,17676,6945,Rural,Informal,23,0.17,Rented,4165,2,Usually,False,Graduate,7.04,1
U0209,19269,6467,Semi-Urban,Informal,21,0.19,Owned,0,3,Sometimes,True,Diploma,52.0,0
U0210,24494,6214,Urban,Salaried,44,0.09,Owned,0,5,Always,False,Postgraduate,9.35,1
U0211,21828,9048,Semi-Urban,Salaried,26,0.23,Owned,0,5,Usually,False,Graduate,7.64,1
U0212,11868,5882,Urban,Gig,27,0.11,PG/Hostel,6867,1,Always,False,Graduate,6.81,1
U0213,76979,33495,Semi-Urban,Salaried,30,0.07,Owned,0,2,Always,False,12th,59.9,1
U0214,37376,18049,Semi-Urban,Gig,26,0.15,PG/Hostel,3796,1,Sometimes,False,10th,78.3,0
U0215,10726,4864,Rural,Gig,40,0.4,Owned,0,2,Usually,False,12th,61.7,0
U0216,28850,11635,Urban,Gig,37,0.05,Rented,10906,5,Usually,False,Graduate,6.78,1
U0217,20222,2304,Rural,Gig,24,0.21,Rented,4380,2,Usually,True,Graduate,7.6,1
U0218,66007,13613,Urban,Salaried,48,0.19,Owned,0,4,Always,True,Diploma,93.0,1
U0219,35931,4102,Urban,Gig,35,0.2,PG/Hostel,3560,1,Always,False,Graduate,7.93,1
U0220,70106,14901,Semi-Urban,Salaried,35,0.17,Rented,8370,5,Sometimes,True,Graduate,6.17,1
U0221,14105,1867,Semi-Urban,Informal,33,0.12,Rented,8068,1,Always,True,Graduate,6.22,1
U0222,19516,5703,Rural,Gig,49,0.37,Owned,0,3,Always,False,Diploma,75.7,0
U0223,21303,7907,Rural,Gig,47,0.26,Rented,4312,3,Usually,False,12th,89.1,0
U0224,22139,9746,Rural,Salaried,33,0.33,Rented,5604,1,Sometimes,True,Diploma,91.9,0
U0225,8738,3504,Rural,Informal,27,0.15,Rented,3556,2,Always,False,Graduate,7.63,0
U0226,74302,31974,Urban,Salaried,30,0.17,Owned,0,3,Usually,False,10th,90.9,1
U0227,46705,19951,Urban,Salaried,34,0.38,PG/Hostel,4012,1,Usually,True,12th,61.6,1
U0228,20177,4334,Urban,Gig,47,0.34,PG/Hostel,7352,1,Always,False,10th,78.4,0
U0229,12009,4246,Rural,Informal,44,0.27,Rented,4007,3,Sometimes,False,10th,84.2,0
U0230,39257,10713,Urban,Gig,54,0.5,PG/Hostel,2571,1,Always,True,Diploma,58.1,1
U0231,46660,6579,Semi-Urban,Salaried,24,0.17,Owned,0,5,Always,True,12th,84.7,1
U0232,12491,2752,Semi-Urban,Informal,37,0.3,Owned,0,3,Usually,False,Graduate,8.48,0
U0233,14077,3355,Urban,Informal,46,0.5,Owned,0,4,Always,False,12th,88.4,0
U0234,43821,21445,Urban,Salaried,49,0.24,Owned,0,5,Always,False,10th,79.1,1
U0235,7428,1882,Urban,Informal,49,0.2,Rented,14296,3,Usually,True,Graduate,6.88,1
U0236,50678,14106,Urban,Salaried,54,0.54,Owned,0,5,Usually,True,Graduate,7.49,1
U0237,26540,11722,Rural,Salaried,35,0.2,Owned,0,2,Usually,True,Diploma,81.2,1
U0238,43411,18926,Semi-Urban,Salaried,34,0.12,PG/Hostel,5093,1,Always,True,Diploma,55.9,1
U0239,72930,35031,Urban,Salaried,48,0.44,Rented,9446,5,Always,False,12th,78.7,1
U0240,68901,27838,Urban,Salaried,25,0.12,Rented,8626,1,Sometimes,False,Postgraduate,7.12,1
U0241,70085,13455,Urban,Salaried,45,0.53,Owned,0,5,Usually,False,10th,75.3,1
U0242,43019,12444,Semi-Urban,Salaried,28,0.14,Rented,9573,1,Always,False,Graduate,9.04,1
U0243,8380,1353,Semi-Urban,Informal,47,0.28,Owned,0,3,Usually,True,12th,84.2,0
U0244,22343,4863,Urban,Informal,44,0.61,Rented,7473,3,Always,False,Diploma,58.3,0
U0245,20526,6006,Urban,Salaried,34,0.21,PG/Hostel,5344,1,Always,True,Graduate,8.13,1
U0246,71027,19328,Rural,Salaried,42,0.52,Rented,9644,5,Sometimes,False,10th,76.6,0
U0247,26967,6044,Rural,Gig,33,0.0,Rented,7167,5,Always,True,Diploma,53.3,1
U0248,50015,12914,Urban,Salaried,51,0.12,Rented,12759,3,Always,False,Diploma,81.3,1
U0249,71195,29328,Rural,Salaried,28,0.11,Owned,0,3,Rarely,False,Graduate,8.62,1
U0250,19768,3890,Urban,Gig,52,0.27,Rented,11783,4,Always,True,Postgraduate,8.46,1
U0251,28905,11860,Semi-Urban,Salaried,53,0.04,Rented,9368,1,Always,True,12th,89.7,1
U0252,28333,3209,Urban,Gig,46,0.46,PG/Hostel,5174,1,Always,True,Graduate,6.46,1
U0253,5089,1912,Urban,Informal,35,0.03,Rented,3105,4,Usually,False,Diploma,54.7,0
U0254,16090,2408,Urban,Gig,26,0.31,Owned,0,3,Usually,False,Graduate,8.16,0
U0255,5552,2129,Urban,Informal,28,0.25,Rented,12905,4,Usually,True,Postgraduate,8.81,1
U0256,33629,11598,Rural,Salaried,27,0.11,Rented,3207,4,Always,True,Graduate,8.09,1
U0257,21405,6013,Urban,Informal,23,0.26,Owned,0,2,Usually,False,Graduate,6.57,1
U0258,14109,1871,Semi-Urban,Gig,32,0.19,Owned,0,5,Always,True,Graduate,6.56,1
U0259,18612,6445,Semi-Urban,Informal,39,0.56,Rented,11941,4,Usually,True,Postgraduate,8.6,1
U0260,38380,15961,Urban,Gig,52,0.33,Rented,13181,2,Always,False,Graduate,8.29,1
U0261,9644,4807,Urban,Informal,23,0.13,Rented,11946,3,Always,False,Postgraduate,6.77,0
U0262,26309,2953,Semi-Urban,Gig,53,0.11,Rented,10005,5,Sometimes,True,12th,82.7,0
U0263,20956,9189,Urban,Salaried,24,0.17,Rented,12579,4,Usually,True,Postgraduate,7.77,1
U0264,25921,11581,Semi-Urban,Gig,52,0.63,Owned,0,5,Rarely,False,Graduate,8.12,1
U0265,16171,4344,Rural,Informal,32,0.06,Rented,3529,5,Always,True,Diploma,83.0,0
U0266,37490,15385,Urban,Gig,50,0.44,PG/Hostel,5369,1,Sometimes,True,12th,60.7,1
U0267,32861,10024,Semi-Urban,Gig,25,0.2,Owned,0,2,Always,True,Graduate,7.53,1
U0268,70677,31684,Rural,Salaried,34,0.24,Owned,0,4,Usually,False,Graduate,7.26,1
U0269,18321,2530,Rural,Gig,37,0.03,Owned,0,4,Always,False,Graduate,8.3,0
U0270,20238,6787,Urban,Gig,32,0.22,Rented,10062,3,Always,False,Graduate,9.09,1
U0271,53397,8965,Urban,Salaried,30,0.33,Rented,14083,1,Always,False,10th,69.4,1
U0272,68403,22925,Urban,Salaried,32,0.03,Rented,13552,4,Always,True,Diploma,67.1,1
U0273,13178,5199,Semi-Urban,Gig,32,0.12,Rented,13544,1,Rarely,True,Graduate,8.47,1
U0274,24135,8064,Urban,Gig,35,0.14,Owned,0,5,Always,False,12th,74.3,0
U0275,54707,11373,Urban,Salaried,22,0.05,Owned,0,4,Usually,True,Postgraduate,6.81,1
U0276,5281,611,Rural,Informal,26,0.15,PG/Hostel,5828,1,Usually,True,Graduate,6.31,1
U0277,49856,15101,Semi-Urban,Salaried,34,0.35,Rented,7585,4,Always,True,10th,94.4,1
U0278,21239,7951,Urban,Salaried,54,0.46,Owned,0,3,Usually,True,10th,93.8,1
U0279,35398,9978,Rural,Salaried,43,0.28,Rented,9294,5,Always,True,Graduate,6.5,1
U0280,21969,3970,Rural,Salaried,28,0.07,Rented,12556,1,Usually,False,10th,82.9,0
U0281,43196,11986,Semi-Urban,Salaried,25,0.08,Owned,0,2,Always,False,Graduate,8.93,1
U0282,25577,6387,Urban,Gig,50,0.34,PG/Hostel,5719,1,Usually,True,12th,88.9,1
U0283,64912,7280,Urban,Salaried,28,0.04,PG/Hostel,6909,1,Usually,False,Graduate,9.22,1
U0284,55840,10401,Semi-Urban,Salaried,36,0.39,Rented,6124,5,Always,True,Graduate,8.02,1
U0285,13125,4766,Semi-Urban,Informal,26,0.31,Owned,0,2,Sometimes,True,Diploma,68.3,0
U0286,22975,9212,Urban,Gig,33,0.42,PG/Hostel,2488,1,Usually,False,Graduate,6.38,1
U0287,38257,10010,Semi-Urban,Gig,24,0.21,Rented,7114,2,Usually,False,Graduate,8.67,1
U0288,53768,12198,Semi-Urban,Salaried,31,0.03,PG/Hostel,3367,1,Usually,True,Graduate,7.04,1
U0289,69606,7120,Semi-Urban,Salaried,35,0.03,PG/Hostel,5147,1,Usually,True,Graduate,8.13,1
U0290,12190,4610,Urban,Gig,49,0.49,Rented,4440,1,Usually,False,12th,74.6,0
U0291,32443,3434,Urban,Gig,31,0.06,PG/Hostel,5015,1,Always,True,Diploma,80.1,1
U0292,45537,12996,Urban,Salaried,23,0.04,Owned,0,3,Usually,False,Postgraduate,9.33,1
U0293,20693,9636,Urban,Gig,49,0.51,Owned,0,2,Always,False,Postgraduate,7.33,1
U0294,36353,11293,Urban,Salaried,35,0.34,PG/Hostel,7859,1,Always,False,Graduate,8.13,1
U0295,35519,11357,Rural,Gig,41,0.54,Rented,12206,5,Sometimes,False,Graduate,9.14,1
U0296,76088,27534,Urban,Salaried,35,0.11,Rented,3140,3,Always,False,Graduate,6.35,1
U0297,16012,5555,Semi-Urban,Gig,47,0.6,Rented,9894,4,Always,False,12th,74.3,0
U0298,33695,4577,Semi-Urban,Gig,50,0.34,Rented,13828,4,Always,False,Postgraduate,8.88,1
U0299,24914,3719,Urban,Informal,30,0.2,Owned,0,2,Usually,False,Postgraduate,6.65,0
U0300,33486,4780,Semi-Urban,Gig,40,0.07,Owned,0,3,Sometimes,False,Postgraduate,8.82,0
U0301,19600,4888,Urban,Gig,33,0.18,Rented,10285,5,Usually,True,10th,89.8,0
U0302,24481,4524,Urban,Informal,30,0.23,Owned,0,3,Always,False,Graduate,7.26,0
U0303,51401,23644,Semi-Urban,Salaried,36,0.03,Owned,0,3,Usually,True,Diploma,61.5,1
U0304,17337,6809,Rural,Informal,30,0.27,Rented,3145,3,Always,False,Diploma,78.1,0
U0305,13040,3515,Rural,Gig,25,0.24,Owned,0,2,Usually,True,Postgraduate,8.58,1
U0306,37633,10881,Rural,Salaried,41,0.41,Owned,0,3,Sometimes,False,Graduate,6.08,1
U0307,36014,6918,Semi-Urban,Salaried,27,0.11,Rented,11841,1,Always,True,10th,67.6,1
U0308,16652,2054,Urban,Gig,45,0.02,PG/Hostel,3343,1,Always,False,Postgraduate,6.48,0
U0309,48482,13433,Semi-Urban,Salaried,31,0.23,Owned,0,5,Sometimes,False,12th,55.8,0
U0310,58467,22786,Urban,Salaried,52,0.13,Owned,0,2,Usually,False,Graduate,6.28,1
U0311,23031,8247,Urban,Gig,23,0.0,Rented,8472,3,Sometimes,False,Graduate,7.2,0
U0312,69859,19348,Semi-Urban,Salaried,22,0.09,Owned,0,2,Always,False,Postgraduate,6.24,1
U0313,24255,7664,Urban,Salaried,28,0.07,Rented,11258,4,Always,False,Diploma,64.6,0
U0314,17426,3069,Urban,Gig,22,0.14,Rented,5817,1,Usually,True,Graduate,9.48,1
U0315,29686,8492,Urban,Salaried,28,0.21,Rented,14811,5,Sometimes,False,Graduate,6.61,1
U0316,20526,8250,Rural,Gig,36,0.25,Owned,0,3,Always,True,Graduate,7.48,1
U0317,79446,31974,Rural,Salaried,37,0.43,Owned,0,5,Usually,False,Graduate,9.43,1
U0318,15754,7418,Rural,Informal,43,0.63,Rented,9770,5,Usually,True,Graduate,8.58,1
U0319,39943,12621,Urban,Gig,50,0.4,PG/Hostel,7203,1,Always,True,Graduate,8.18,1
U0320,76273,31665,Urban,Salaried,52,0.02,Rented,4012,4,Always,True,Graduate,8.74,1
U0321,39169,4905,Rural,Salaried,53,0.43,Rented,9257,5,Always,True,Graduate,7.26,1
U0322,69492,16575,Urban,Salaried,29,0.03,Rented,8962,3,Sometimes,True,Diploma,67.9,1
U0323,23073,7850,Semi-Urban,Informal,26,0.08,Rented,11597,3,Always,False,Graduate,8.01,1
U0324,15435,6800,Urban,Gig,32,0.44,Rented,3560,2,Rarely,False,10th,74.3,0
U0325,41932,10577,Semi-Urban,Salaried,44,0.23,Rented,10629,3,Rarely,False,Diploma,85.6,0
U0326,12693,1680,Urban,Informal,41,0.05,PG/Hostel,6225,1,Always,True,Graduate,6.78,1
U0327,17373,8517,Semi-Urban,Gig,30,0.27,Rented,13177,1,Always,True,Postgraduate,7.68,1
U0328,49984,23447,Urban,Salaried,34,0.03,PG/Hostel,3133,1,Sometimes,True,Postgraduate,9.14,1
U0329,28429,4831,Semi-Urban,Salaried,23,0.13,Rented,4960,1,Always,True,12th,80.0,1
U0330,71681,9122,Urban,Salaried,54,0.07,PG/Hostel,2536,1,Usually,True,10th,60.5,1
U0331,17340,5545,Semi-Urban,Gig,52,0.6,PG/Hostel,6187,1,Sometimes,True,12th,64.0,0
U0332,53613,24149,Urban,Salaried,49,0.57,Rented,5494,5,Usually,True,12th,50.8,1
U0333,57947,14250,Urban,Salaried,51,0.37,Rented,13145,2,Usually,True,12th,59.5,1
U0334,8850,3555,Urban,Informal,51,0.27,PG/Hostel,2456,1,Usually,False,12th,69.4,0
U0335,17168,2693,Rural,Informal,29,0.38,Rented,14757,3,Always,False,10th,58.0,0
U0336,13800,4192,Rural,Informal,37,0.11,PG/Hostel,3382,1,Usually,False,Graduate,6.77,0
U0337,23292,8141,Urban,Salaried,27,0.11,Rented,13331,5,Always,False,Graduate,7.35,1
U0338,23716,2476,Urban,Salaried,22,0.09,Owned,0,4,Usually,True,Graduate,7.47,1
U0339,57605,11747,Semi-Urban,Salaried,30,0.23,Rented,10993,5,Sometimes,False,Postgraduate,6.75,1
U0340,32740,14200,Urban,Gig,41,0.49,Owned,0,3,Always,True,Postgraduate,6.23,1
U0341,5671,1673,Urban,Informal,31,0.45,Rented,9036,4,Always,False,Diploma,62.0,0
U0342,39300,11605,Urban,Gig,24,0.04,Owned,0,5,Sometimes,True,Graduate,6.85,1
U0343,5593,1624,Urban,Informal,49,0.57,PG/Hostel,5493,1,Always,True,Postgraduate,7.37,1
U0344,63404,9717,Rural,Salaried,37,0.24,Rented,11616,1,Always,True,Diploma,86.4,1
U0345,23631,4770,Urban,Salaried,30,0.07,Owned,0,3,Always,False,Diploma,61.4,0
U0346,71431,20328,Rural,Salaried,31,0.23,Rented,14041,3,Sometimes,False,Graduate,7.58,1
U0347,43472,15022,Urban,Salaried,43,0.3,Owned,0,4,Always,True,Graduate,6.37,1
U0348,59851,18247,Semi-Urban,Salaried,28,0.18,Rented,6271,1,Usually,False,12th,83.6,1
U0349,56224,7243,Urban,Salaried,44,0.07,Rented,5711,1,Always,False,12th,93.0,1
U0350,17089,4866,Rural,Informal,31,0.1,Rented,8330,3,Always,True,Graduate,6.65,1
U0351,48138,12749,Urban,Salaried,25,0.08,Rented,12765,4,Always,True,Graduate,9.15,1
U0352,7376,1864,Urban,Informal,23,0.0,Rented,4827,4,Always,True,Diploma,84.9,0
U0353,17504,5463,Urban,Informal,30,0.13,Rented,6747,4,Always,False,Diploma,71.3,0
U0354,27153,9252,Semi-Urban,Gig,52,0.58,Rented,6983,4,Always,False,10th,57.0,1
U0355,26905,6330,Urban,Gig,38,0.21,Owned,0,2,Usually,False,10th,66.9,1
U0356,21377,7378,Semi-Urban,Informal,42,0.45,Rented,5461,4,Sometimes,True,Postgraduate,6.43,1
U0357,37935,11320,Urban,Gig,41,0.05,Rented,12759,1,Always,False,12th,61.6,1
U0358,63950,12847,Urban,Salaried,33,0.15,Rented,3301,4,Usually,True,12th,52.4,1
U0359,15773,4981,Urban,Informal,33,0.52,PG/Hostel,6865,1,Usually,True,10th,55.9,0
U0360,73710,10079,Semi-Urban,Salaried,51,0.29,Owned,0,4,Always,True,10th,56.8,1
U0361,15517,4917,Semi-Urban,Informal,53,0.04,Owned,0,4,Rarely,True,Postgraduate,6.37,0
U0362,21406,8039,Urban,Informal,45,0.09,PG/Hostel,7230,1,Usually,False,12th,57.2,0
U0363,8727,3706,Semi-Urban,Informal,25,0.08,Owned,0,2,Usually,True,12th,62.5,0
U0364,15047,6320,Urban,Informal,45,0.2,Owned,0,2,Always,False,Postgraduate,8.57,1
U0365,34566,11959,Semi-Urban,Salaried,22,0.05,Rented,5159,5,Sometimes,False,Diploma,74.2,0
U0366,29363,2997,Semi-Urban,Gig,46,0.54,Rented,13805,4,Always,False,10th,83.6,0
U0367,70189,28062,Rural,Salaried,40,0.28,Owned,0,5,Usually,False,Postgraduate,6.52,1
U0368,25110,7234,Semi-Urban,Salaried,39,0.13,Rented,3697,4,Always,True,Diploma,67.3,1
U0369,10251,3985,Urban,Informal,44,0.48,Rented,3226,2,Usually,True,Graduate,7.37,1
U0370,58356,5879,Urban,Salaried,41,0.24,Owned,0,3,Always,False,Graduate,6.58,1
U0371,38859,16230,Semi-Urban,Gig,40,0.4,Owned,0,4,Always,True,Postgraduate,9.06,1
U0372,56060,20009,Semi-Urban,Salaried,44,0.11,Owned,0,5,Always,False,Diploma,60.1,1
U0373,16643,5396,Urban,Gig,44,0.02,Owned,0,3,Always,True,Graduate,8.82,1
U0374,37835,16269,Rural,Gig,39,0.54,Owned,0,5,Always,True,Graduate,7.17,1
U0375,10541,5194,Rural,Gig,51,0.35,Owned,0,5,Usually,False,12th,66.8,0
U0376,25469,5890,Urban,Salaried,53,0.34,Owned,0,4,Always,False,Diploma,59.9,1
U0377,39194,16482,Urban,Salaried,31,0.29,Owned,0,5,Always,False,Graduate,7.05,1
U0378,32448,8712,Urban,Salaried,24,0.17,Owned,0,5,Sometimes,False,Graduate,6.62,1
U0379,77742,20520,Rural,Salaried,34,0.35,Rented,11266,1,Always,True,Diploma,92.8,1
U0380,19028,3306,Semi-Urban,Gig,30,0.03,Rented,8068,3,Always,False,Postgraduate,6.08,0
U0381,26397,8832,Semi-Urban,Salaried,26,0.04,Rented,11186,5,Usually,True,Diploma,85.2,1
U0382,37833,16687,Semi-Urban,Salaried,46,0.41,Owned,0,2,Sometimes,True,Graduate,8.95,1
U0383,32436,9483,Semi-Urban,Gig,41,0.22,Rented,11895,5,Rarely,False,Postgraduate,8.47,1
U0384,46201,6109,Semi-Urban,Salaried,21,0.05,Rented,5839,1,Always,False,Graduate,6.02,1
U0385,33493,6366,Urban,Salaried,51,0.39,Owned,0,5,Always,False,Graduate,7.65,1
U0386,43252,5518,Rural,Salaried,50,0.44,Rented,12435,3,Always,False,Graduate,6.96,1
U0387,18461,3688,Urban,Gig,36,0.42,Rented,14445,2,Usually,True,12th,88.0,0
U0388,69733,8796,Semi-Urban,Salaried,40,0.45,Owned,0,3,Usually,False,Postgraduate,7.97,1
U0389,35892,11233,Semi-Urban,Salaried,53,0.51,Owned,0,4,Always,True,Graduate,6.3,1
U0390,35998,3914,Semi-Urban,Gig,31,0.1,Rented,8591,5,Always,False,Graduate,6.18,1
U0391,12539,5204,Semi-Urban,Gig,34,0.12,Owned,0,3,Rarely,False,12th,94.1,0
U0392,48228,17442,Rural,Salaried,46,0.11,Owned,0,5,Sometimes,True,Diploma,65.2,1
U0393,77714,37986,Semi-Urban,Salaried,32,0.28,Rented,9588,1,Always,True,Diploma,51.0,1
U0394,39300,7471,Urban,Gig,27,0.19,Owned,0,4,Sometimes,True,10th,74.5,1
U0395,29879,4359,Urban,Salaried,54,0.52,Rented,10097,3,Sometimes,True,Graduate,6.24,1
U0396,21861,6985,Urban,Gig,54,0.09,Rented,4517,2,Always,False,Graduate,7.7,1
U0397,33140,5182,Semi-Urban,Salaried,42,0.38,Owned,0,2,Usually,True,Diploma,80.1,1
U0398,20097,8939,Urban,Salaried,42,0.29,Owned,0,5,Always,True,Graduate,8.75,1
U0399,31797,13436,Semi-Urban,Gig,30,0.07,Owned,0,5,Always,True,12th,85.7,1
U0400,15800,2852,Semi-Urban,Informal,27,0.15,Rented,12369,4,Usually,False,Graduate,8.65,0
U0401,50933,5458,Rural,Salaried,41,0.37,Rented,4749,4,Sometimes,False,Postgraduate,9.05,1
U0402,26282,12580,Semi-Urban,Gig,48,0.52,Owned,0,2,Always,True,12th,51.2,1
U0403,26280,3617,Semi-Urban,Gig,23,0.13,Rented,10264,2,Always,False,Diploma,72.4,0
U0404,41253,10262,Semi-Urban,Salaried,43,0.42,PG/Hostel,7546,1,Sometimes,True,Graduate,8.71,1
U0405,49450,8975,Urban,Salaried,30,0.27,Owned,0,5,Always,True,Postgraduate,7.25,1
U0406,15403,3243,Urban,Informal,28,0.21,Owned,0,2,Always,False,Diploma,67.8,0
U0407,42447,19473,Semi-Urban,Salaried,38,0.26,Rented,9971,4,Always,True,Graduate,7.95,1
U0408,34721,7871,Urban,Salaried,23,0.04,Owned,0,4,Always,False,Graduate,9.14,1
U0409,11898,5870,Urban,Gig,53,0.51,Rented,6200,5,Usually,False,Graduate,8.56,1
U0410,22071,3549,Urban,Informal,24,0.21,Rented,9509,3,Always,False,Graduate,9.09,0
U0411,20149,4591,Urban,Informal,21,0.19,Rented,13102,5,Usually,False,Postgraduate,8.34,0
U0412,73516,16850,Urban,Salaried,48,0.12,Rented,4529,3,Always,True,Graduate,6.57,1
U0413,36154,13548,Rural,Salaried,23,0.04,Rented,13435,1,Always,False,12th,87.0,1
U0414,44217,5826,Urban,Salaried,25,0.12,Owned,0,2,Always,False,Graduate,7.18,1
U0415,26648,11395,Urban,Gig,26,0.08,PG/Hostel,7514,1,Always,False,Postgraduate,9.15,1
U0416,23675,6716,Rural,Gig,41,0.56,Rented,12346,4,Always,False,Postgraduate,7.17,1
U0417,14177,2803,Rural,Informal,48,0.52,Owned,0,3,Sometimes,True,12th,82.4,0
U0418,79042,12392,Urban,Salaried,38,0.29,Rented,10096,1,Always,True,Graduate,8.95,1
U0419,38058,16650,Urban,Salaried,47,0.06,Rented,11915,5,Usually,True,Diploma,80.4,1
U0420,11089,2505,Semi-Urban,Gig,48,0.29,Rented,4958,1,Always,False,Diploma,79.5,0
U0421,75296,32739,Semi-Urban,Salaried,43,0.07,Rented,9659,2,Usually,False,Graduate,7.79,1
U0422,32309,7888,Rural,Gig,41,0.05,Rented,12528,5,Always,False,Graduate,7.43,1
U0423,28179,13394,Urban,Salaried,32,0.03,Owned,0,4,Usually,True,Graduate,8.83,1
U0424,70939,25963,Urban,Salaried,38,0.03,Rented,7741,3,Always,True,Graduate,6.0,1
U0425,22761,6346,Urban,Informal,34,0.09,PG/Hostel,6596,1,Always,False,10th,74.6,0
U0426,18970,9308,Urban,Informal,34,0.47,Rented,11472,2,Always,False,12th,93.5,0
U0427,23351,8945,Urban,Informal,23,0.04,Rented,8394,1,Always,False,Graduate,8.94,1
U0428,20412,9902,Urban,Gig,29,0.34,Rented,4531,3,Usually,True,Diploma,89.3,1
U0429,24493,4589,Urban,Salaried,37,0.24,Owned,0,5,Always,True,Graduate,7.99,1
U0430,67192,28880,Urban,Salaried,34,0.41,Owned,0,2,Always,False,Graduate,6.17,1
U0431,28259,12741,Urban,Salaried,22,0.05,Owned,0,2,Sometimes,True,Diploma,76.7,1
U0432,24582,8615,Urban,Informal,36,0.44,Rented,5479,4,Usually,True,Graduate,8.04,1
U0433,39165,17321,Urban,Gig,41,0.1,Rented,12491,5,Usually,True,Diploma,77.0,1
U0434,26288,10384,Semi-Urban,Gig,29,0.28,Owned,0,5,Always,False,Postgraduate,9.04,1
U0435,40961,18497,Urban,Salaried,21,0.05,Rented,10468,4,Usually,False,Diploma,91.0,1
U0436,26317,10778,Semi-Urban,Salaried,39,0.21,Owned,0,2,Usually,True,Graduate,8.21,1
U0437,39176,14928,Semi-Urban,Gig,24,0.25,Rented,4478,4,Usually,False,12th,54.7,1
U0438,31909,13232,Urban,Gig,23,0.22,Owned,0,5,Usually,True,Graduate,9.33,1
U0439,37569,10863,Urban,Salaried,21,0.05,Rented,12302,1,Usually,True,Postgraduate,6.01,1
U0440,11716,3385,Urban,Informal,46,0.57,Rented,10815,3,Usually,False,Graduate,6.97,0
U0441,44000,12328,Urban,Salaried,34,0.09,PG/Hostel,3455,1,Always,True,10th,62.6,1
U0442,50519,16991,Rural,Salaried,28,0.11,PG/Hostel,6499,1,Always,False,Graduate,6.38,1
U0443,14697,4190,Urban,Gig,29,0.24,Rented,7912,1,Always,True,12th,86.8,0
U0444,79156,18846,Semi-Urban,Salaried,33,0.33,Owned,0,3,Sometimes,False,Diploma,94.7,0
U0445,27740,13086,Rural,Gig,21,0.14,Rented,14883,3,Always,False,Graduate,7.44,1
U0446,17743,6536,Urban,Informal,32,0.47,Owned,0,2,Always,False,Graduate,8.88,1
U0447,75398,36312,Semi-Urban,Salaried,25,0.04,Rented,11365,5,Always,True,Graduate,8.9,1
U0448,13760,4699,Urban,Gig,38,0.45,PG/Hostel,6033,1,Usually,False,12th,79.9,0
U0449,23744,6707,Semi-Urban,Salaried,38,0.13,Owned,0,4,Sometimes,True,Diploma,76.8,0
U0450,53703,21506,Semi-Urban,Salaried,53,0.23,Owned,0,3,Rarely,True,Graduate,7.12,1
U0451,24376,11619,Urban,Gig,49,0.16,Rented,3201,2,Always,True,12th,90.0,1
U0452,79340,8255,Semi-Urban,Salaried,38,0.24,Rented,10544,4,Always,True,10th,57.7,1
U0453,16777,5234,Urban,Informal,23,0.3,Rented,14613,2,Always,True,12th,50.5,1
U0454,23850,6667,Urban,Informal,35,0.11,Rented,12428,1,Usually,False,12th,59.7,0
U0455,59832,23434,Rural,Salaried,48,0.44,Owned,0,3,Sometimes,False,12th,88.3,0
U0456,32947,12163,Urban,Gig,29,0.14,Owned,0,3,Usually,True,Postgraduate,8.76,1
U0457,56027,10673,Urban,Salaried,52,0.06,Owned,0,4,Sometimes,False,10th,88.6,0
U0458,59758,24126,Urban,Salaried,43,0.19,Owned,0,4,Usually,True,Graduate,8.04,1
U0459,20233,5018,Urban,Gig,53,0.43,Rented,6361,4,Always,True,12th,69.4,1
U0460,8267,974,Urban,Informal,21,0.0,Rented,5606,4,Usually,True,Postgraduate,7.19,1
U0461,72425,25951,Semi-Urban,Salaried,48,0.06,Rented,8546,3,Usually,True,12th,68.4,1
U0462,16120,5978,Urban,Informal,25,0.28,PG/Hostel,2929,1,Rarely,True,Graduate,8.95,1
U0463,46039,22799,Rural,Salaried,21,0.05,Rented,4054,4,Usually,False,Graduate,6.59,1
U0464,19649,5781,Semi-Urban,Gig,44,0.59,Rented,14842,3,Usually,False,10th,56.1,0
U0465,34217,3955,Urban,Gig,47,0.19,PG/Hostel,5634,1,Always,False,Postgraduate,6.08,1
U0466,19138,3039,Urban,Informal,50,0.68,Rented,14350,4,Always,False,12th,94.8,0
U0467,26344,13003,Urban,Salaried,33,0.33,Rented,8619,1,Usually,True,12th,67.3,1
U0468,59919,24531,Urban,Salaried,25,0.2,Owned,0,2,Always,True,Graduate,7.94,1
U0469,30913,5172,Rural,Salaried,43,0.44,Owned,0,4,Sometimes,False,Graduate,7.06,1
U0470,27823,10673,Urban,Gig,41,0.32,Rented,3382,4,Always,True,Graduate,6.82,1
U0471,5138,1660,Urban,Informal,21,0.14,Owned,0,4,Always,True,10th,56.3,0
U0472,75778,12140,Urban,Salaried,54,0.2,Rented,9652,1,Always,False,12th,83.1,1
U0473,34401,12018,Urban,Gig,44,0.57,Owned,0,4,Usually,True,12th,59.1,1
U0474,21212,3376,Urban,Informal,25,0.0,Rented,5660,4,Usually,False,Postgraduate,9.17,0
U0475,30238,14683,Rural,Salaried,54,0.2,Owned,0,3,Usually,True,10th,74.0,1
U0476,24595,2833,Rural,Informal,31,0.19,Owned,0,5,Sometimes,True,12th,52.6,0
U0477,11207,2356,Rural,Gig,32,0.16,Owned,0,2,Always,False,12th,92.7,0
U0478,57529,28326,Urban,Salaried,52,0.12,Owned,0,4,Sometimes,True,Graduate,7.06,1
U0479,15347,3289,Semi-Urban,Gig,53,0.43,Rented,5454,3,Sometimes,False,10th,73.0,0
U0480,22808,5585,Urban,Salaried,37,0.38,Owned,0,4,Sometimes,True,Graduate,7.43,1
U0481,23354,7960,Semi-Urban,Informal,24,0.25,PG/Hostel,2364,1,Usually,False,Graduate,7.67,1
U0482,37134,5336,Urban,Gig,37,0.43,Rented,6935,3,Always,False,12th,64.0,1
U0483,41826,11683,Urban,Salaried,33,0.39,Rented,13526,2,Usually,True,Graduate,7.67,1
U0484,56188,6305,Urban,Salaried,23,0.09,Rented,5953,2,Always,True,12th,78.5,1
U0485,10276,2502,Urban,Gig,22,0.0,Rented,6735,3,Sometimes,True,Graduate,6.74,0
U0486,17306,3119,Semi-Urban,Informal,46,0.35,PG/Hostel,5559,1,Always,True,12th,63.3,0
U0487,20886,2457,Rural,Gig,45,0.09,Rented,9144,5,Sometimes,True,Graduate,6.02,0
U0488,32935,13423,Semi-Urban,Salaried,29,0.03,Owned,0,5,Sometimes,False,Graduate,8.45,1
U0489,35038,4745,Urban,Salaried,29,0.07,Owned,0,3,Usually,True,Graduate,6.98,1
U0490,76579,20128,Rural,Salaried,31,0.1,Owned,0,5,Always,True,Postgraduate,6.39,1
U0491,5187,1715,Urban,Informal,52,0.63,Owned,0,2,Usually,True,Graduate,9.34,1
U0492,10242,4584,Rural,Informal,22,0.0,PG/Hostel,4422,1,Always,False,Graduate,8.95,0
U0493,76699,29363,Urban,Salaried,22,0.09,PG/Hostel,3497,1,Usually,False,Graduate,7.41,1
U0494,15350,2831,Semi-Urban,Informal,54,0.7,Owned,0,4,Rarely,False,12th,86.2,0
U0495,35549,5720,Urban,Gig,47,0.45,Owned,0,2,Usually,True,12th,76.2,1
U0496,48454,9226,Semi-Urban,Salaried,50,0.42,Rented,5828,5,Sometimes,True,12th,59.7,1
U0497,43864,17714,Rural,Salaried,51,0.33,Rented,3182,2,Usually,True,Postgraduate,8.05,1
U0498,74727,24051,Semi-Urban,Salaried,40,0.45,Owned,0,3,Rarely,True,Graduate,7.62,1
U0499,21237,9110,Rural,Informal,44,0.32,Rented,9846,4,Usually,False,Diploma,56.4,0
U0500,25590,9935,Urban,Salaried,32,0.22,Owned,0,4,Always,True,Graduate,6.99,1
